{"AntiStaff":{"LeaveParty":{"Value":true},"Keybind":"...","Value":true,"Uninject":{"Value":true},"Kick":{"Value":false}},"ChangeGuiColor":{"Value":false,"ToggleColor":{"Value":"0.23529399931430817,0,1","Percentage":0},"TitleColor":{"Value":"0.23529399931430817,0,1","Percentage":0},"Keybind":"..."},"AutoForge":{"Value":false,"ForgeItems":{"Dagger":{"Value":false},"GreatHammer":{"Value":false},"Gauntlets":{"Value":false},"Scythe":{"Value":true}},"Range":{"Value":30},"Keybind":"..."},"Velocity":{"Value":true,"Horizontal":{"Value":0},"Vertical":{"Value":0},"Keybind":"..."},"UnInject":{"Value":false,"Keybind":"..."},"Nuker":{"MineLuckyBlocks":{"Value":true},"Keybind":"...","Value":false,"MiningAnimation":{"Value":true},"Range":{"Value":30},"MineOres":{"Value":true}},"AutoKit":{"Value":true,"Kits":{"Warden":{"Value":true},"Hannah":{"Value":true},"Trinity":{"Value":true},"ElderTree":{"Value":true},"Miner":{"Value":true},"Gompy":{"Value":true}},"Keybind":"..."},"PickupItemRange":{"Value":true,"Range":{"Value":10},"Keybind":"..."},"Autoclicker":{"Value":false,"Cps":{"Value":20},"Keybind":"..."},"InfiniteJump":{"Value":true,"Keybind":"..."},"Tracers":{"UseTeamatesTeamColor":{"Value":true},"EnemiesColor":{"Value":"0.23529399931430817,0,1","Percentage":0},"ShowTeamates":{"Value":true},"Keybind":"...","TeamatesColor":{"Value":"0.23529399931430817,0,1","Percentage":0},"UseEnemiesTeamColor":{"Value":true},"Value":false,"ShowEnemies":{"Value":true}},"KnockbackExploit":{"Value":true,"Range":{"Value":19},"Keybind":"..."},"HighJump":{"Value":false,"Height":{"Value":200},"Keybind":"..."},"InstantKill":{"Value":false,"Speed":{"Value":10},"Method":{"InfernalSaber":{"Value":true},"SkyScythe":{"Value":true}},"Keybind":"..."},"AutoBuy":{"Value":true,"Range":{"Value":30},"Keybind":"..."},"Fly":{"FlyHud":{"Value":true},"FlyDownSpeed":{"Value":40},"FlyHudUIStrokeColor":{"Value":"0,0.6000000238418579,1","Percentage":0},"Keybind":"...","Value":false,"FlyHudSliderColor":{"Value":"0,0.6000000238418579,1","Percentage":0},"FlyHudTextColor":{"Value":"0,0.6000000238418579,1","Percentage":0},"FlyUpSpeed":{"Value":40}},"InstantWin":{"Value":false,"Keybind":"..."},"CustomHotbar":{"Keybind":"...","TextTransparency":{"Value":100},"Color1":{"Value":"1,0.2509799897670746,0","Percentage":0},"Rotation":{"Value":0},"BackgroundTransparency":{"Value":10},"Spacing":{"Value":5},"Value":true,"Color2":{"Value":"1,0.4000000059604645,0","Percentage":0},"UIStrokeThickness":{"Value":1.3},"CornerRadius":{"Value":40}},"AutoSprint":{"Value":true,"Keybind":"..."},"NoClickDelay":{"Value":false,"Keybind":"..."},"Atmosphere":{"Value":false,"Color":{"Value":"0,0.1333329975605011,1","Percentage":0},"Keybind":"..."},"HideKillFeedGui":{"Value":false,"Keybind":"..."},"Indicators":{"Value":false,"Color":{"Value":"0,0.6000000238418579,1","Percentage":0},"Keybind":"..."},"AntiAfk":{"Value":false,"Keybind":"..."},"EntityNotifier":{"Value":false,"Keybind":"..."},"WinterSky":{"Value":true,"Keybind":"..."},"FpsUnlocker":{"Value":false,"Keybind":"...","NoFpsCap":{"Value":true},"Fps":{"Value":360}},"AutoReport":{"Value":true,"Keybind":"..."},"AimAssist":{"Value":true,"Keybind":"...","Range":{"Value":19},"FaceMobs":{"Value":false}},"AutoToxic":{"Value":false,"Keybind":"..."},"ViewModelChanger":{"Vertical":{"Value":5},"Keybind":"...","Value":true,"Horizontal":{"Value":15},"Depth":{"Value":35}},"Fov":{"Value":true,"Keybind":"...","Fov":{"Value":120}},"CustomHealthbar":{"Rotation":{"Value":0},"CornerRadius":{"Value":40},"Color2":{"Value":"1,0.4000000059604645,0","Percentage":0},"Keybind":"...","Value":true,"UIStrokeColor":{"Value":"1,0.3019610047340393,0.023529399186372757","Percentage":0},"UIStrokeThickness":{"Value":1.6},"Color1":{"Value":"1,0.2509799897670746,0","Percentage":0}},"AutoInject":{"Value":false,"Keybind":"..."},"NoPlacementCPS":{"Value":false,"Keybind":"..."},"ChatSpammer":{"Value":false,"Speed":{"Value":50},"Keybind":"..."},"AntiLagback":{"Value":false,"Keybind":"...","MovementMethod":{"Automatic":{"Value":false},"Manual":{"Value":true}}},"PacketDisabler":{"Value":false,"Speed":{"Value":40},"Keybind":"..."},"Speed":{"Value":false,"Speed":{"Value":23},"Keybind":"..."},"TargetStrafe":{"TargetMobs":{"Value":false},"Keybind":"...","Value":false,"JumpAutomatically":{"Value":true},"Range":{"Value":18}},"Reach":{"Value":true,"Keybind":"..."},"AntiHit":{"AntiHitEntities":{"Value":false},"Keybind":"...","Speed":{"Value":10},"Range":{"Value":19},"Value":false},"ChestStealer":{"Value":false,"Range":{"Value":30},"Keybind":"..."},"GalaxySky":{"Value":false,"Keybind":"..."},"InfiniteFly":{"Value":false,"FlyDownSpeed":{"Value":5},"Keybind":"...","FlyUpSpeed":{"Value":5}},"AntiVoid":{"Value":false,"Transparency":{"Value":60},"Color":{"Value":"0,0.6000000238418579,1","Percentage":0},"Keybind":"..."},"KnockbackTp":{"Value":false,"Keybind":"...","TeleportTo":{"LookDirection":{"Value":true},"NearestBed":{"Value":false},"NearestPlayer":{"Value":false}},"MovementMethod":{"Automatic":{"Value":false},"Manual":{"Value":true}}},"Killaura":{"Exeptions":{"MouseDown":{"Value":false},"GuiClosed":{"Value":false}},"Keybind":"...","CustomAnimation":{"Value":false},"HitChance":{"Value":100},"Range":{"Value":19},"WallCheck":{"Value":false},"ShowEnemy":{"Value":true},"Speed":{"Value":100},"SwitchToWeapon":{"Value":true},"Value":true,"Angle":{"Value":360},"Animations":{"AlSploitHeartbeat":{"Value":false},"AlSploitOld":{"Value":false},"AlSploitClassic":{"Value":true}},"TargetBoxColor":{"Value":"1,0.2784309983253479,0.2901960015296936","Percentage":0}},"Anonymous":{"Value":true,"Keybind":"..."},"EffectSpammer":{"DragonBreath":{"Value":false},"Keybind":"...","Confetti":{"Value":true},"Value":false,"Speed":{"Value":100}},"NoFallDamage":{"Value":true,"Keybind":"..."},"Esp":{"Keybind":"...","UseTeamatesColor":{"Value":true},"ShowEnemies":{"Value":true},"EnemiesColor":{"Value":"1,0,0","Percentage":0},"UseHighlight":{"Value":false},"Value":false,"ShowTeamates":{"Value":true},"UseEnemiesColor":{"Value":true},"TeamatesColor":{"Value":"0,1,0","Percentage":0}},"RestartAlSploit":{"Value":false,"Keybind":"..."},"TexturePack":{"TexturePackForSwords":{"Value":true},"TexturePackForPickaxes":{"Value":true},"Keybind":"...","Value":false,"TexturePackForResources":{"Value":true},"TexturePackForScythes":{"Value":true}},"MotionBlur":{"Value":true,"Keybind":"..."},"Spider":{"Value":false,"Speed":{"Value":60},"Keybind":"..."},"ScytheDisabler":{"Value":true,"Speed":{"Value":100},"Keybind":"..."},"ProjectileAura":{"Value":true,"SwitchToItem":{"Value":true},"Keybind":"..."},"PlayerTp":{"Value":false,"Keybind":"..."},"AutoJoinQueue":{"Value":true,"Keybind":"..."},"Cape":{"Value":false,"Keybind":"..."},"BedTp":{"Value":false,"Keybind":"..."},"MelodyHealExploit":{"Value":false,"Speed":{"Value":100},"Keybind":"..."},"Invisible":{"Value":false,"Keybind":"..."},"JadeHammerExploit":{"Value":false,"SpamSpeed":{"Value":100},"Keybind":"..."},"DamageBoost":{"Value":true,"Keybind":"..."},"TargetHud":{"MainColor":{"Value":"0,0.6000000238418579,1","Percentage":0},"Keybind":"...","StrokeColor":{"Value":"0,0.6000000238418579,1","Percentage":0},"Range":{"Value":18},"Value":false},"Scaffold":{"Value":false,"Expand":{"Value":2},"Keybind":"..."},"OldTheme":{"Value":false,"Keybind":"..."}}