{"Modules":{"Sprint":true,"Knockback":false,"Reach":false,"UniversalShaderModule":true,"UniversalNameTagModule":true,"AutoConsume":true,"Stealer":true,"AntiBan":true,"Aura":true,"Fly":false,"Speed":false,"Fov":true,"Nuker":false},"MiniToggles":{"AuraPlayAnim":true,"SpeedAutoJump":true,"FlyTPDown":true,"AuraParticles":true,"SprintReplace":false,"AuraSwingAnyways":true,"AuraHighlight":true,"SpeedDamageBoost":true,"ReachSword":true,"AutoConsumeInstant":true},"Dropdowns":{"AuraAnimMode":"Smooth"},"Keybinds":{"Fly":"C"},"Sliders":{"FlySafeHeight":{"Value1":5,"Value2":25},"AuraRate":{"Value1":1,"Value2":2},"FlyTPDuration":{"Value1":0.1,"Value2":0.1},"AuraTransparency":{"Value1":0,"Value2":0.35},"AuraLifetime":{"Value1":0.5,"Value2":0.6},"FovBase":{"Value1":1,"Value2":150},"AuraRetractTime":{"Value1":0,"Value2":0.4},"FlyTPTime":{"Value1":1,"Value2":1.9},"AuraMinSpeed":{"Value1":1,"Value2":3},"AuraSize":{"Value1":0.2,"Value2":0.3}},"TextBoxes":{"ProjAimbotFovColor":"255, 0, 0","AimbotFovCircleColor":"255, 0, 0","AuraColorStart":"10, 17, 240","AuraColor":"10, 17, 240","AuraColorEnd":"10, 17, 240"},"ModuleKeybinds":[],"Other":{"TabPos":[]}}