{
  "WhitelistedUsers": [
    {
      "hash": "03ea44c1cd3f0b251b0fd1cfd3b8c14e10ac70ded09cd9343592fb7f504da972da6853f6b9d927a34109ed9ffa55f83fc62a604bda97c5e1cde2d8fb47e7a4a7",
      "attackable": false,
      "level": 900,
      "tags": [
        {
          "text": "QP Owner",
          "color": [
            90,
            0,
            135
          ]
        }
      ]
    },
    {
      "hash": "851dd5ecd0bd96b5f0e8b1d6e4e325c054697f88ee5f72fa6ad88f4f358b815d50ff9406ad1cc6081ae13cea231ce90be5a5889d104423f1829d1a93407d68ed",
      "attackable": false,
      "level": 900,
      "tags": [
        {
          "text": "jhki",
          "color": [
            29,
            131,
            255
          ]
        }
      ]
    },
    {
      "hash": "a2dc480b56d07bdcd58895de302ff225e54acd06b96666d14360bf95177ad250c5aacabba5b847ad2552407c65efadb5c26a7fb9787ec7e218cba782bf78f3a6",
      "attackable": false,
      "level": 900,
      "tags": [
        {
          "text": "jhki",
          "color": [
            206,
            128,
            255
          ]
        }
      ]
    },
    {
      "hash": "bf3825e16edbe608976f4d54ef65e8a0394e1b3ef93e85ddde42d30349c0c554708ade7ef04f1c1bca155381c00db2b814d5fa1ba3d6daeddc59ce38b04cf597",
      "attackable": false,
      "level": 900,
      "tags": [
        {
          "text": "AC Mod",
          "color": [
            160,
            34,
            160
          ]
        }
      ]
    },
    {
      "hash": "495ca976a5f4f085dfc9241a9b74136149ba6a9b8f0d56bf6aaa939702516fa11c75abdf29d7da97bd542d6a338d958a181107874358ced622672fb1e0091127",
      "attackable": false,
      "level": 900,
      "tags": [
        {
          "text": "크시",
          "color": [
            204,
            108,
            231
          ]
        }
      ]
    },
    {
      "hash": "91cab8fa263f0f0373f759f56e023a2c0474c15fc734e2e6145560b11731c7255ccbeabc6c5c86817d122c9b24f5e0a78da28b221e78fcb1c8349b998e99dac1",
      "attackable": false,
      "level": 900,
      "tags": [
        {
          "text": "TempleOS maintainer",
          "color": [
            114,
            49,
            255
          ]
        }
      ]
    },
    {
      "hash": "c704f695a0620ef3a3799b0156e5ae66f104474ce396098108bdd45015f0f2a8936a92b2cf1bf45d06863a15561081a4b72257c41ec32ef2f310ef4050d6bb04",
      "attackable": false,
      "level": 900,
      "tags": [
        {
          "text": "QP Owner",
          "color": [
            16,
            0,
            182
          ]
        }
      ]
    },
    {
      "hash": "300abb4383a15979895bb368affd35229fbc0a5f974ae8c32b4c507aef76780fa98093a1c15d86b81795f4357413cfdef2986d6cf44c0cc63e33f387d0c1b944",
      "attackable": false,
      "level": 900,
      "tags": [
        {
          "text": "JHKI",
          "color": [
            114,
            49,
            255
          ]
        }
      ]
    },
    {
      "hash": "b44cb244c57a4917ff0fd4b34bb2fb132e85d63e0803901849436ea3257b42e459e22a382a3480a7158b223ca9e004ade0be183938a533f720a96493bb9a0abb",
      "attackable": false,
      "level": 900,
      "tags": [
        {
          "text": "AC Mod",
          "color": [
            160,
            34,
            160
          ]
        }
      ]
    },
    {
      "hash": "818251bf505189f9f76a76d2bbe4151c4aabf0a2d0e1ff13bb8ff8dae6412bb2fa08bae7009ed9609ba627db3490fb4bdd4528cd8aa5745bade847ee313fe543",
      "attackable": false,
      "level": 900,
      "tags": [
        {
          "text": "funi guy",
          "color": [
            37,
            177,
            219
          ]
        }
      ]
    },
    {
      "hash": "385f8c380e2f0212e615a399996bba7f5181128b6a470bad230363373ce347fe05f204f5ea1d614eaf934d38e29a545c447b39bab4b261d4e625d3591aadeddb",
      "attackable": false,
      "level": 900,
      "tags": [
        {
          "text": "AC Mod",
          "color": [
            160,
            60,
            160
          ]
        }
      ]
    },
    {
      "hash": "25eecae1910e0b3d03883dc05249a6b7a08174cd87fd5a25378f0d2840fd6f7d5b6251073ac7e98239c7b4afc7fcc4c4122dfa5abf656251a51dc05a06015fec",
      "attackable": false,
      "level": 900,
      "tags": [
        {
          "text": "Aspen",
          "color": [
            21,
            149,
            205
          ]
        }
      ]
    },
    {
      "hash": "242d747da2d62dae3fde00456e6dc9b61092de94700db2e27a016b8cbf6fce578e20e082c1915b7d44e95075f221928f4b8010238e6c5e212c1f2b1af7713007",
      "attackable": false,
      "level": 900,
      "tags": [
        {
          "text": "QP 프리미엄",
          "color": [
            3,
            221,
            236
          ]
        }
      ]
    },
    {
      "hash": "d3332877b31b000d5ae79d56e026aac299ad752d7a88c17998db52e704696b2ce85cc5f8ded81456f1dbba706c2abe7fe7951c33170404c8069acc690b22414a",
      "attackable": false,
      "level": 900,
      "tags": [
        {
          "text": "QP Private",
          "color": [
            71,
            8,
            245
          ]
        }
      ]
    },
    {
      "hash": "b36f62e5297c8227a1cd7347aa1725af864305c5018f1d175c8e74896b60132fe7ae9626a1aae1bf704727c5e6d96679b83f14f105d2984d5ef719f23277bdb4",
      "attackable": false,
      "level": 900,
      "tags": [
        {
          "text": "QP 프리미엄",
          "color": [
            3,
            221,
            236
          ]
        }
      ]
    },
    {
      "hash": "59eec8a5cbf93769c1395bcc400f834a6549ff2e3e774db0f262385e161391c9ab6877a6fb769486fc18d3ee0273bcf39912718e157547e4d55acc3fb77af3f9",
      "attackable": false,
      "level": 900,
      "tags": [
        {
          "text": "QP Private",
          "color": [
            57,
            1,
            244
          ]
        }
      ]
    },
    {
      "hash": "69c56cea61472944f8d1b903fb1d6a7c16c0b2f5c225e225c1fd14490a76bf8a9f3d57f88bb7c13d14f0b79ded95971e75cd30e30ee52cc9ba1892ebb8b16812",
      "attackable": false,
      "level": 900,
      "tags": [
        {
          "text": "QP 프리미엄",
          "color": [
            33,
            241,
            249
          ]
        }
      ]
    },
    {
      "hash": "a39f67e20a02b4f6c426b46f49a0ec4598140bbbbdabe5d086f6cc420d7cd62739cf4040fe1fd3a0db14d9b561b99cc490f91e4932b7ff61e179ad8c4a7ccdec",
      "attackable": false,
      "level": 900,
      "tags": [
        {
          "text": "QP 프리미엄",
          "color": [
            12,
            231,
            231
          ]
        }
      ]
    },
    {
      "hash": "a1ecb6f9f2c8e271da4a73527150832f9bd78fb9ade802a4442c810142b29538f1d183a507baeb5568a7f15a2fd9975e510586ced9a228db636223db8c41122d",
      "attackable": false,
      "level": 900,
      "tags": [
        {
          "text": "QP Private",
          "color": [
            76,
            5,
            255
          ]
        }
      ]
    },
    {
      "hash": "79933df03815e21d04b4c9d45bc92de53c4a4c42df20616833b9f134f3a572333c5043458eda8d1f65da785f1f42caf5983cfc0714a1eefc3bd25c10f7615e79",
      "attackable": false,
      "level": 900,
      "tags": [
        {
          "text": "QP 프리미엄",
          "color": [
            0,
            241,
            254
          ]
        }
      ]
    },
    {
      "hash": "d2a869eab54c9988f0fff6aae9f690bab8e116698eb80616cc251ca6dbc57e2d385eb66acc0bc2b2088d744e8684a9fffe7deb18a686a339f36d3b2d17b8c36f",
      "attackable": false,
      "level": 900,
      "tags": [
        {
          "text": "QP 프리미엄",
          "color": [
            0,
            241,
            254
          ]
        }
      ]
    },
    {
      "hash": "e63a6302cd818a2c59df638930fc77ad6a99350fc9ab025e4bde283a0e398cd90e5d3bc6cacb60f76469bcd769d08ef3c7ed025e6afa23c48824218faf20eb9a",
      "attackable": false,
      "level": 900,
      "tags": [
        {
          "text": "QP Private",
          "color": [
            53,
            3,
            255
          ]
        }
      ]
    },
    {
      "hash": "c443062b881830dce99a3572fed3267334ee2a9e728e021e62cd8f91a1ef13cba6847cc83d1fdc9ed049adff04cde77933e5a0ac0118e81c6c8c6445888a1b7e",
      "attackable": false,
      "level": 900,
      "tags": [
        {
          "text": "QP Private",
          "color": [
            96,
            1,
            254
          ]
        }
      ]
    },
    {
      "hash": "c3d417ef76b65060505ffd171c953194315ddeada3131bfc886da801e2b1f203f462abba5de70ac5b7729e4914bec0dd330660b35ce2ec1006dc445e46537893",
      "attackable": false,
      "level": 900,
      "tags": [
        {
          "text": "QP Owner",
          "color": [
            93,
            5,
            255
          ]
        }
      ]
    },
    {
      "hash": "17f8d3816cdb465b0f1a6dff9063a0c12fef907827abedd823af02cc5ebbb323147293a4da3c5ca47e28dd01cb16519621c38a48fd9ddffc0133c424f09bf412",
      "attackable": false,
      "level": 900,
      "tags": [
        {
          "text": "QP 프리미엄",
          "color": [
            12,
            231,
            231
          ]
        }
      ]
    }
  ],
  "BlacklistedUsers": [],
  "Announcement": {
    "text": "",
    "expiretime": 0,
    "targets": "all"
  },
  "KillVape": false
}