{
  "WhitelistedUsers": {
    "919665092025528441": {
      "hash": "8d2407c4f9e1f0a76818d4002043515b052dcf6e8d1a04f328ab1d5b0bf49d85b295de73bf472d3d2d7ee6aa35ede23f7323d75cc3bafc008b29fe2f0e111392",
      "attackable": false,
      "level": 1,
      "tags": [
        {
          "text": "HCKR",
          "color": [
            255,
            255,
            255
          ]
        }
      ]
    },
    "378746510596243458": {
      "hash": "e5c8097a86771eb41dcc7e0ab6188a1b88428a2770b3515de4f9c361291a04a778a635c2fa1a1a3d2b16434c7e285e3899fe4f693d649fc4c4e43fa52c91638d",
      "attackable": false,
      "level": 1,
      "tags": [
        {
          "text": "AC Mod",
          "color": [
            160,
            34,
            160
          ]
        }
      ]
    },
    "709094619161296939": {
      "hash": "627ed2e510da77b3b17ffe599e26d176685d4015dae65335e812db7f89cd029c851c743bc018d05917b4519f18d697513f6a7176f85343a8154f2dd7b9aec05d",
      "attackable": false,
      "level": 1,
      "tags": [
        {
          "text": "joe",
          "color": [
            255,
            0,
            0
          ]
        }
      ]
    },
    "1125789044249460786": {
      "hash": "4f3e8ed3a837286cbc3f6695fe91f0ee0d98b1b25a535b6574dd9938a96ef9f7f849e2cd8ef5f89bd7025f0dbdafd07ab4d0269d339e271c776e163285666e19",
      "attackable": false,
      "level": 2,
      "tags": [
        {
          "text": "VAPE OWNER",
          "color": [
            255,
            50,
            50
          ]
        }
      ]
    },
    "900134277616926780": {
      "hash": "2e24c44b7f97ac617921decf6999733c28dd68514b1094e9d9dfa760256b86862b4c2a3e99bea98779b9844cc36d73112fb0fada5a55c98effcc815fa2ee4cb2",
      "attackable": false,
      "level": 1,
      "tags": [
        {
          "text": "VAPE PRIVATE",
          "color": [
            178,
            0,
            255
          ]
        }
      ]
    },
    "961711371425300602": {
      "hash": "9c5506cf98f284510831f14d35df48a2af0dba9d448809806c791b89d98b35af1f27167a77cc92eeb0aed12daca8373a3823bb33dbba1066cb27a1d74534490d",
      "attackable": false,
      "level": 1,
      "tags": null
    },
    "1000432733467721799": {
      "hash": "349f5117ed260ec68b7ad48a894eced46a78f352977e8818e6671a97048b416a33fe037088d227ae41c3f35caa193dfdca4abb72569ea0fc77807a155c327b9e",
      "attackable": false,
      "level": 1,
      "tags": [
        {
          "text": "<font color=\"rgb(57,56,110)\">AME</font><font color=\"rgb(179,28,49)\">R</font><font color=\"rgb(255,255,255)\">I</font><font color=\"rgb(179,28,49)\">C</font><font color=\"rgb(255,255,255)\">A</font><font color=\"rgb(179,28,49)\">N</font>",
          "color": [
            57,
            56,
            110
          ]
        }
      ]
    },
    "661623849825337373": {
      "hash": "77ff4133480243922f0b267d2f9aabe6da69593a4beed284944d60c66244630d6f7122724fd76f52f7e929bad6db9f0c1251ac426c3fc3a944781e4058bdab3a",
      "attackable": false,
      "level": 1,
      "tags": [
        {
          "text": "VAPE PRIVATE",
          "color": [
            178,
            0,
            255
          ]
        }
      ]
    },
    "989715351975624754": {
      "hash": "0a6633b4e601002f4ae0ea0a0109ad22b7d7b5317224e6e6fe02546ab609662884b83cf8bfccd555d09e0cff2bc4b5c5e1a38d2fd8e0bc55ad2c2d62bf95b757",
      "attackable": false,
      "level": 1,
      "tags": null
    },
    "759071932276146216": {
      "hash": "21b289826b7231aacf0b7ac7e895435851cba50f08f34eaac630438979994c1e5101a40f755eef9c37e6add1776d2b10bd88aa55a2cd5c6194e6a1885bf1f4f4",
      "attackable": false,
      "level": 1,
      "tags": [
        {
          "text": "scrxpted",
          "color": [
            0,
            255,
            0
          ]
        }
      ]
    },
    "771130296228904960": {
      "hash": "fe2f5cf56ffec414befd0a6ff865a35b7514d848e11bdff370938db3931f0ed596644ac45b2b30dd8547a94fff567659b9f98e981900e125b2769b2c399969de",
      "attackable": false,
      "level": 1,
      "tags": [
        {
          "text": "AWP User",
          "color": [
            245,
            66,
            66
          ]
        }
      ]
    },
    "384718982625886208": {
      "hash": "1596c3e5c9bd2cc1ef62d2456b02159934f2048abcd5c197107bc23c022653ddc6947588d59a0e7eb202d9de990854c9fad52f81341e77d35ec846219a369029",
      "attackable": false,
      "level": 1,
      "tags": [
        {
          "text": "Jesus",
          "color": [
            255,
            255,
            0
          ]
        }
      ]
    },
    "548146409065545730": {
      "hash": "354ed71c531b8e35f1217416bc21c1c3621d8eaebf7dbd34e3443c50369926f39462b8044399ada54128f5c271a306d8eff2c8e79f5e7a0eb223d098f7bf2793",
      "attackable": false,
      "level": 1,
      "tags": [
        {
          "text": "VAPE PRIVATE",
          "color": [
            178,
            0,
            255
          ]
        }
      ]
    },
    "1144358443394813993": {
      "hash": "5497de1d244dc4ae85cf85e1c89b420ab9bf89c16412882224135f893447edb6a6d538a4cd54cb1b7da2e9f588a7e4e958dbfca14b04f6132b0c2d51ceca4f27",
      "attackable": false,
      "level": 1,
      "tags": [
        {
          "text": "HCKR",
          "color": [
            0,
            0,
            0
          ]
        }
      ]
    },
    "1145068116007718952": {
      "hash": "7b5710658487041467ebd43122fe56bb3a0dea6c52ec03f874f6f6a1ca2742c6b7b34fc1b87605148e6f45f19941a4e7d095fd6f3043f2a7598c18b63e4e1e35",
      "attackable": false,
      "level": 1,
      "tags": [
        {
          "text": "<font color=\"rgb(57,56,110)\">AME</font><font color=\"rgb(179,28,49)\">R</font><font color=\"rgb(255,255,255)\">I</font><font color=\"rgb(179,28,49)\">C</font><font color=\"rgb(255,255,255)\">A</font><font color=\"rgb(179,28,49)\">N</font>",
          "color": [
            0,
            0,
            0
          ]
        }
      ]
    },
    "830968256277643264": {
      "hash": "0893bef8805921e49587b3709693c8bdf1c0aac348575f35919e585fcaf96cafab1bd65c22d276bfda8c7f25b3ac13ce08603fb7a08013cc0a060b4436cbe8f1",
      "attackable": false,
      "level": 1,
      "tags": [
        {
          "text": "VAPE PRIVATE",
          "color": [
            178,
            0,
            255
          ]
        }
      ]
    },
    "855868524585156618": {
      "hash": "50f0d14db81f87c28ced03ee801a2192bb069a7837b4abcfbb2b01a3830bd2b0377da0b933d3e31a2c2daee26151ffd2d3b94057143ea4018170e5d12ddb958c",
      "attackable": true,
      "level": 1,
      "tags": [
        {
          "text": "Mr<font color=\"rgb(3, 111, 252)\">Beast</font>",
          "color": [
            255,
            255,
            255
          ]
        }
      ]
    },
    "1077461832056442901": {
      "hash": "064a1a686ea7bfd24b4b9f9906457210c4cb81a3fa146eea05865bff16f91689ac0a41aaa5502216c42e1bbac44aa93c6ee183737b02187cf7c8659200d4e559",
      "attackable": false,
      "level": 1,
      "tags": [
        {
          "text": "VAPE PRIVATE",
          "color": [
            178,
            0,
            255
          ]
        }
      ]
    },
    "1095667370049142856": {
      "hash": "867f6417ab841e48f458d12b96c2e8a6862a6255160c13ccd95e0f793bda9a4559720452dc935554a067479965f0b7c9d197408374aa48fbb0f6d37052f354b8",
      "attackable": false,
      "level": 1,
      "tags": [
        {
          "text": "VAPE PRIVATE",
          "color": [
            178,
            0,
            255
          ]
        }
      ]
    },
    "1147367899720323114": {
      "hash": "50f0d14db81f87c28ced03ee801a2192bb069a7837b4abcfbb2b01a3830bd2b0377da0b933d3e31a2c2daee26151ffd2d3b94057143ea4018170e5d12ddb958c",
      "attackable": false,
      "level": 1,
      "tags": [
        {
          "text": "VAPE PRIVATE",
          "color": [
            178,
            0,
            255
          ]
        }
      ]
    },
    "535253405971644417": {
      "hash": "40664139a3e85c5bea968f506a6bd453faa13e507c12cfffc621a5bef9b545390a2b72fb02699ff3b7a7ead916cb20d7a135b3c400c1b29899fc08c670b613da",
      "attackable": false,
      "level": 1,
      "tags": [
        {
          "text": "VAPE PRIVATE",
          "color": [
            178,
            0,
            255
          ]
        }
      ]
    },
    "1055559512997756980": {
      "hash": "3412a66d0422746417cba2d010755c36c135732814a5072421076847487b8e5d5e0c96e4e0b7cd533906ccb37bbe768f0af347ca883092e8c35a971bca327328",
      "attackable": true,
      "level": 1,
      "tags": [
        {
          "text": "gato lover 12",
          "color": [
            255,
            255,
            255
          ]
        }
      ]
    },
    "272412823148298240": {
      "hash": "bb219fcdb11ed3bbc9380f6ba85213da5fe0d101047d617994233dc2da7163835f7934ace7e5bf806fe6bb8ab4d35fcd531222faccb8a00161bcd994d6cf7691",
      "attackable": false,
      "level": 1,
      "tags": [
        {
          "text": "Homo",
          "color": [
            255,
            0,
            0
          ]
        }
      ]
    },
    "475120268826902559": {
      "hash": "085147494264d30dac70c274dbc8c544e24b0bab9b790fa95a198d7cccc8a1c99c9a25e274efdd0a8984e8260593dd3bdb64cea2fb0c4a26e6f623fe6b92ac94",
      "attackable": false,
      "level": 1,
      "tags": [
        {
          "text": "252373327",
          "color": [
            255,
            0,
            0
          ]
        }
      ]
    },
    "837815287897128990": {
      "hash": "afa13c5b5b5b49ee9f85d7f466825f1ac5305d2971facb9255d169eaf95339686b7fe0f528f1b39bed3a879a897e63d25191b11c946604c139e7893b5de46db6",
      "attackable": false,
      "level": 1,
      "tags": [
        {
          "text": "AC MOD",
          "color": [
            132,
            32,
            193
          ]
        }
      ]
    },
    "735432575140757605": {
      "hash": "1ce3490981bc0241a1d400942fa421ad839fff4649210ee0ea0892af9ae936ddc0bf570861f2a354de18e4be27de90a48c94b1305191bb64965927625cb1d826",
      "attackable": false,
      "level": 1,
      "tags": [
        {
          "text": "engo",
          "color": [
            0,
            157,
            255
          ]
        }
      ]
    },
    "705698080993050645": {
      "hash": "d4949388b4537372d9244ad1bade1fc8f270ef21f84366213c0587cb14ee4f6af3e17992be306032c2e4e3d82cb330cb7a59a7639d9f3cfd3cddff43164ee3ad",
      "attackable": false,
      "level": 1,
      "tags": [
        {
          "text": "VAPE PRIVATE",
          "color": [
            178,
            0,
            255
          ]
        }
      ]
    }
  },
  "WhitelistedTags": {
    "822903547540537384": [
      {
        "text": "VIP GAMING CHAIR",
        "color": [
          255,
          255,
          255
        ]
      }
    ],
    "378746510596243458": [
      {
        "text": "AC Mod",
        "color": [
          160,
          34,
          160
        ]
      }
    ],
    "709094619161296939": [
      {
        "text": "joe",
        "color": [
          255,
          0,
          0
        ]
      }
    ],
    "1000432733467721799": [
      {
        "text": "<font color=\"rgb(57,56,110)\">AME</font><font color=\"rgb(179,28,49)\">R</font><font color=\"rgb(255,255,255)\">I</font><font color=\"rgb(179,28,49)\">C</font><font color=\"rgb(255,255,255)\">A</font><font color=\"rgb(179,28,49)\">N</font>",
        "color": [
          57,
          56,
          110
        ]
      }
    ],
    "759071932276146216": [
      {
        "text": "scrxpted",
        "color": [
          0,
          255,
          0
        ]
      }
    ],
    "771130296228904960": [
      {
        "text": "AWP User",
        "color": [
          245,
          66,
          66
        ]
      }
    ],
    "919665092025528441": [
      {
        "text": "HCKR",
        "color": [
          255,
          255,
          255
        ]
      }
    ],
    "989715351975624754": [
      {
        "text": "Ph<font color=\"rgb(173, 216, 230)\">ong</font>",
        "color": [
          139,
          0,
          0
        ]
      }
    ],
    "384718982625886208": [
      {
        "text": "Jesus",
        "color": [
          255,
          255,
          0
        ]
      }
    ],
    "272412823148298240": [
      {
        "text": "Homo",
        "color": [
          255,
          0,
          0
        ]
      }
    ],
    "1145068116007718952": [
      {
        "text": "<font color=\"rgb(57,56,110)\">AME</font><font color=\"rgb(179,28,49)\">R</font><font color=\"rgb(255,255,255)\">I</font><font color=\"rgb(179,28,49)\">C</font><font color=\"rgb(255,255,255)\">A</font><font color=\"rgb(179,28,49)\">N</font>",
        "color": [
          0,
          0,
          0
        ]
      }
    ],
    "1144358443394813993": [
      {
        "text": "HCKR",
        "color": [
          0,
          0,
          0
        ]
      }
    ],
    "855868524585156618": [
      {
        "text": "Mr<font color=\"rgb(3, 111, 252)\">Beast</font>",
        "color": [
          255,
          255,
          255
        ]
      }
    ],
    "1055559512997756980": [
      {
        "text": "Gato",
        "color": [
          160,
          32,
          240
        ]
      }
    ],
    "735432575140757605": [
      {
        "text": "engo",
        "color": [
          0,
          157,
          255
        ]
      }
    ],
    "475120268826902559": [
      {
        "text": "252373327",
        "color": [
          255,
          0,
          0
        ]
      }
    ],
    "837815287897128990": [
      {
        "text": "AC MOD",
        "color": [
          132,
          32,
          193
        ]
      }
    ],
    "705698080993050645": [
      {
        "text": "\u3164\u3164\u3164\u3164\u3164\u3164\u3164\u3164\u3164\u3164\u3164\u3164\u3164\u3164\u3164\u3164\u3164\u3164\u3164\u3164\u3164\u3164\u3164\u3164\u3164\u3164\u3164\u3164\u3164\u3164\u3164\u3164\u3164\u3164\u3164\u3164\u3164\u3164\u3164\u3164\u3164\u3164\u3164\u3164\u3164\u3164\u3164\u3164\u3164\u3164\u3164\u3164\u3164\u3164\u3164\u3164\u3164\u3164\u3164\u3164\u3164\u3164\u3164\u3164\u3164\u3164\u3164\u3164\u3164\u3164\u3164\u3164\u3164\u3164\u3164\u3164\u3164\u3164\u3164\u3164\u3164\u3164\u3164\u3164\u3164\u3164\u3164\u3164\u3164\u3164\u3164\u3164\u3164\u3164\u3164\u3164\u3164\u3164\u3164\u3164\u3164\u3164\u3164\u3164\u3164\u3164\u3164\u3164\u3164\u3164\u3164\u3164\u3164\u3164\u3164\u3164\u3164\u3164\u3164\u3164\u3164\u3164\u3164\u3164\u3164\u3164\u3164\u3164\u3164\u3164\u3164\u3164\u3164\u3164\u3164\u3164\u3164\u3164\u3164\u3164\u3164\u3164\u3164\u3164\u3164\u3164\u3164\u3164\u3164\u3164\u3164\u3164\u3164\u3164\u3164\u3164\u3164\u3164\u3164\u3164\u3164\u3164\u3164\u3164\u3164\u3164\u3164\u3164\u3164\u3164\u3164\u3164\u3164\u3164\u3164\u3164\u3164\u3164\u3164\u3164\u3164\u3164\u3164\u3164\u3164\u3164\u3164\u3164\u3164\u3164\u3164\u3164\u3164\u3164\u3164\u3164\u3164\u3164\u3164\u3164\u3164\u3164\u3164\u3164\u3164\u3164\u3164\u3164\u3164\u3164\u3164\u3164\u3164\u3164\u3164\u3164\u3164\u3164\u3164\u3164\u3164\u3164\u3164\u3164\u3164\u3164\u3164\u3164\u3164\u3164\u3164\u3164\u3164\u3164\u3164\u3164\u3164\u3164\u3164\u3164\u3164\u3164\u3164\u3164\u3164\u3164\u3164\u3164\u3164\u3164\u3164\u3164\u3164\u3164\u3164\u3164\u3164\u3164\u3164\u3164\u3164\u3164\u3164\u3164\u3164\u3164\u3164\u3164\u3164\u3164\u3164\u3164\u3164\u3164\u3164\u3164\u3164\u3164\u3164\u3164\u3164\u3164\u3164\u3164\u3164\u3164\u3164\u3164\u3164\u3164\u3164\u3164\u3164\u3164\u3164\u3164\u3164\u3164\u3164\u3164\u3164\u3164\u3164\u3164\u3164\u3164\u3164\u3164\u3164\u3164\u3164\u3164\u3164\u3164\u3164\u3164\u3164\u3164\u3164\u3164\u3164\u3164\u3164\u3164\u3164\u3164\u3164\u3164\u3164\u3164\u3164\u3164\u3164\u3164\u3164\u3164\u3164\u3164\u3164\u3164\u3164\u3164\u3164\u3164\u3164\u3164\u3164\u3164\u3164\u3164\u3164\u3164\u3164\u3164\u3164\u3164\u3164\u3164\u3164\u3164\u3164\u3164\u3164\u3164\u3164\u3164\u3164\u3164\u3164\u3164\u3164\u3164\u3164\u3164\u3164\u3164\u3164\u3164\u3164\u3164\u3164\u3164\u3164\u3164\u3164\u3164\u3164\u3164\u3164\u3164\u3164\u3164\u3164\u3164\u3164\u3164\u3164\u3164\u3164\u3164\u3164\u3164\u3164\u3164\u3164\u3164\u3164\u3164\u3164\u3164\u3164\u3164\u3164\u3164\u3164\u3164\u3164\u3164\u3164\u3164\u3164\u3164\u3164\u3164\u3164\u3164\u3164\u3164\u3164\u3164\u3164\u3164\u3164\u3164\u3164\u3164\u3164\u3164\u3164\u3164\u3164\u3164\u3164\u3164\u3164\u3164\u3164\u3164\u3164\u3164\u3164\u3164\u3164\u3164\u3164\u3164\u3164\u3164\u3164\u3164\u3164\u3164\u3164\u3164\u3164\u3164\u3164\u3164\u3164\u3164\u3164\u3164\u3164\u3164\u3164\u3164\u3164\u3164\u3164\u3164\u3164\u3164\u3164\u3164\u3164\u3164\u3164\u3164\u3164\u3164\u3164\u3164\u3164\u3164\u3164\u3164\u3164\u3164\u3164\u3164\u3164\u3164\u3164\u3164\u3164\u3164\u3164\u3164\u3164\u3164\u3164\u3164\u3164\u3164\u3164\u3164\u3164\u3164\u3164\u3164\u3164\u3164\u3164\u3164\u3164\u3164\u3164\u3164\u3164\u3164\u3164\u3164\u3164\u3164\u3164\u3164\u3164\u3164\u3164\u3164\u3164\u3164\u3164\u3164\u3164\u3164\u3164\u3164\u3164\u3164\u3164\u3164\u3164\u3164\u3164\u3164\u3164\u3164\u3164\u3164\u3164\u3164\u3164\u3164\u3164\u3164\u3164\u3164\u3164\u3164\u3164\u3164\u3164\u3164\u3164\u3164\u3164\u3164\u3164\u3164\u3164\u3164\u3164\u3164\u3164\u3164\u3164\u3164\u3164\u3164\u3164\u3164\u3164\u3164\u3164\u3164\u3164\u3164\u3164\u3164\u3164\u3164\u3164\u3164\u3164\u3164\u3164\u3164\u3164\u3164\u3164\u3164\u3164\u3164\u3164\u3164\u3164\u3164\u3164\u3164\u3164\u3164\u3164\u3164\u3164\u3164\u3164\u3164\u3164\u3164\u3164\u3164\u3164\u3164\u3164\u3164\u3164\u3164\u3164\u3164\u3164\u3164\u3164\u3164\u3164\u3164\u3164\u3164\u3164\u3164\u3164\u3164\u3164\u3164\u3164\u3164\u3164\u3164\u3164\u3164\u3164\u3164\u3164\u3164\u3164\u3164\u3164\u3164\u3164\u3164\u3164\u3164\u3164\u3164\u3164\u3164\u3164\u3164\u3164\u3164\u3164\u3164\u3164\u3164\u3164\u3164\u3164\u3164\u3164\u3164\u3164\u3164\u3164\u3164\u3164\u3164\u3164\u3164\u3164\u3164\u3164\u3164\u3164\u3164\u3164\u3164\u3164\u3164\u3164\u3164\u3164\u3164\u3164\u3164\u3164\u3164\u3164\u3164\u3164\u3164\u3164\u3164\u3164\u3164\u3164\u3164\u3164\u3164\u3164\u3164\u3164\u3164\u3164\u3164\u3164\u3164\u3164\u3164\u3164\u3164\u3164\u3164\u3164\u3164\u3164\u3164\u3164\u3164\u3164\u3164\u3164\u3164\u3164\u3164\u3164\u3164\u3164\u3164\u3164\u3164\u3164\u3164\u3164\u3164\u3164\u3164\u3164\u3164\u3164\u3164\u3164\u3164\u3164\u3164\u3164\u3164\u3164\u3164\u3164\u3164\u3164\u3164\u3164\u3164\u3164\u3164\u3164\u3164\u3164\u3164\u3164\u3164\u3164\u3164\u3164\u3164\u3164\u3164\u3164\u3164\u3164\u3164\u3164\u3164\u3164\u3164\u3164\u3164\u3164\u3164\u3164\u3164\u3164\u3164\u3164\u3164\u3164\u3164\u3164\u3164\u3164\u3164\u3164\u3164\u3164\u3164\u3164\u3164\u3164\u3164\u3164\u3164\u3164\u3164\u3164\u3164\u3164\u3164\u3164\u3164\u3164\u3164\u3164\u3164\u3164\u3164\u3164\u3164\u3164\u3164\u3164\u3164\u3164\u3164\u3164\u3164\u3164\u3164\u3164\u3164\u3164\u3164\u3164\u3164\u3164\u3164\u3164\u3164\u3164\u3164\u3164\u3164\u3164\u3164\u3164\u3164\u3164\u3164\u3164\u3164\u3164\u3164\u3164\u3164\u3164\u3164\u3164\u3164\u3164\u3164\u3164\u3164\u3164\u3164\u3164\u3164\u3164\u3164\u3164\u3164\u3164\u3164\u3164\u3164\u3164\u3164\u3164\u3164\u3164\u3164\u3164\u3164\u3164\u3164\u3164\u3164\u3164\u3164\u3164\u3164\u3164\u3164\u3164\u3164\u3164\u3164\u3164\u3164\u3164\u3164\u3164\u3164\u3164\u3164\u3164\u3164\u3164\u3164\u3164\u3164\u3164\u3164\u3164\u3164\u3164\u3164\u3164\u3164\u3164\u3164\u3164\u3164\u3164\u3164\u3164\u3164\u3164\u3164\u3164\u3164\u3164\u3164\u3164\u3164\u3164\u3164\u3164\u3164\u3164\u3164\u3164\u3164\u3164\u3164\u3164\u3164\u3164\u3164\u3164\u3164\u3164\u3164\u3164\u3164\u3164\u3164\u3164\u3164\u3164\u3164\u3164\u3164\u3164\u3164\u3164\u3164\u3164\u3164\u3164\u3164",
        "color": [
          236,
          215,
          223
        ]
      }
    ]
  },
  "BlacklistedUsers": {},
  "Announcement": {
    "text": "good evening everyone! discord.gg/newvape if you want to talk :D",
    "expiretime": 1735592054.4304218,
    "targets": "all"
  },
  "KillVape": false
}