{
  "WhitelistedUsers": [
    {
      "hash": "03ea44c1cd3f0b251b0fd1cfd3b8c14e10ac70ded09cd9343592fb7f504da972da6853f6b9d927a34109ed9ffa55f83fc62a604bda97c5e1cde2d8fb47e7a4a7",
      "attackable": false,
      "level": 900,
      "tags": [
        {
          "text": "QP Owner",
          "color": [
            90,
            0,
            135
          ]
        }
      ]
    },
    {
      "hash": "851dd5ecd0bd96b5f0e8b1d6e4e325c054697f88ee5f72fa6ad88f4f358b815d50ff9406ad1cc6081ae13cea231ce90be5a5889d104423f1829d1a93407d68ed",
      "attackable": false,
      "level": 900,
      "tags": [
        {
          "text": "jhki",
          "color": [
            29,
            131,
            255
          ]
        }
      ]
    },
    {
      "hash": "a2dc480b56d07bdcd58895de302ff225e54acd06b96666d14360bf95177ad250c5aacabba5b847ad2552407c65efadb5c26a7fb9787ec7e218cba782bf78f3a6",
      "attackable": false,
      "level": 900,
      "tags": [
        {
          "text": "jhki",
          "color": [
            206,
            128,
            255
          ]
        }
      ]
    },
    {
      "hash": "bf3825e16edbe608976f4d54ef65e8a0394e1b3ef93e85ddde42d30349c0c554708ade7ef04f1c1bca155381c00db2b814d5fa1ba3d6daeddc59ce38b04cf597",
      "attackable": false,
      "level": 900,
      "tags": [
        {
          "text": "AC Mod",
          "color": [
            160,
            34,
            160
          ]
        }
      ]
    },
    {
      "hash": "91cab8fa263f0f0373f759f56e023a2c0474c15fc734e2e6145560b11731c7255ccbeabc6c5c86817d122c9b24f5e0a78da28b221e78fcb1c8349b998e99dac1",
      "attackable": false,
      "level": 900,
      "tags": [
        {
          "text": "TempleOS maintainer",
          "color": [
            114,
            49,
            255
          ]
        }
      ]
    },
    {
      "hash": "300abb4383a15979895bb368affd35229fbc0a5f974ae8c32b4c507aef76780fa98093a1c15d86b81795f4357413cfdef2986d6cf44c0cc63e33f387d0c1b944",
      "attackable": false,
      "level": 900,
      "tags": [
        {
          "text": "JHKI",
          "color": [
            114,
            49,
            255
          ]
        }
      ]
    },
    {
      "hash": "b44cb244c57a4917ff0fd4b34bb2fb132e85d63e0803901849436ea3257b42e459e22a382a3480a7158b223ca9e004ade0be183938a533f720a96493bb9a0abb",
      "attackable": false,
      "level": 900,
      "tags": [
        {
          "text": "AC Mod",
          "color": [
            160,
            34,
            160
          ]
        }
      ]
    },
    {
      "hash": "818251bf505189f9f76a76d2bbe4151c4aabf0a2d0e1ff13bb8ff8dae6412bb2fa08bae7009ed9609ba627db3490fb4bdd4528cd8aa5745bade847ee313fe543",
      "attackable": false,
      "level": 100,
      "tags": [
        {
          "text": "funi guy",
          "color": [
            37,
            177,
            219
          ]
        }
      ]
    },
    {
      "hash": "385f8c380e2f0212e615a399996bba7f5181128b6a470bad230363373ce347fe05f204f5ea1d614eaf934d38e29a545c447b39bab4b261d4e625d3591aadeddb",
      "attackable": false,
      "level": 900,
      "tags": [
        {
          "text": "AC Mod",
          "color": [
            160,
            60,
            160
          ]
        }
      ]
    },
    {
      "hash": "242d747da2d62dae3fde00456e6dc9b61092de94700db2e27a016b8cbf6fce578e20e082c1915b7d44e95075f221928f4b8010238e6c5e212c1f2b1af7713007",
      "attackable": false,
      "level": 100,
      "tags": [
        {
          "text": "QP 프리미엄",
          "color": [
            3,
            221,
            236
          ]
        }
      ]
    },
    {
      "hash": "d3332877b31b000d5ae79d56e026aac299ad752d7a88c17998db52e704696b2ce85cc5f8ded81456f1dbba706c2abe7fe7951c33170404c8069acc690b22414a",
      "attackable": false,
      "level": 300,
      "tags": [
        {
          "text": "QP Private",
          "color": [
            71,
            8,
            245
          ]
        }
      ]
    },
    {
      "hash": "b36f62e5297c8227a1cd7347aa1725af864305c5018f1d175c8e74896b60132fe7ae9626a1aae1bf704727c5e6d96679b83f14f105d2984d5ef719f23277bdb4",
      "attackable": false,
      "level": 100,
      "tags": [
        {
          "text": "QP 프리미엄",
          "color": [
            3,
            221,
            236
          ]
        }
      ]
    },
    {
      "hash": "59eec8a5cbf93769c1395bcc400f834a6549ff2e3e774db0f262385e161391c9ab6877a6fb769486fc18d3ee0273bcf39912718e157547e4d55acc3fb77af3f9",
      "attackable": false,
      "level": 300,
      "tags": [
        {
          "text": "QP Private",
          "color": [
            57,
            1,
            244
          ]
        }
      ]
    },
    {
      "hash": "69c56cea61472944f8d1b903fb1d6a7c16c0b2f5c225e225c1fd14490a76bf8a9f3d57f88bb7c13d14f0b79ded95971e75cd30e30ee52cc9ba1892ebb8b16812",
      "attackable": false,
      "level": 100,
      "tags": [
        {
          "text": "QP 프리미엄",
          "color": [
            33,
            241,
            249
          ]
        }
      ]
    },
    {
      "hash": "a39f67e20a02b4f6c426b46f49a0ec4598140bbbbdabe5d086f6cc420d7cd62739cf4040fe1fd3a0db14d9b561b99cc490f91e4932b7ff61e179ad8c4a7ccdec",
      "attackable": false,
      "level": 100,
      "tags": [
        {
          "text": "QP 프리미엄",
          "color": [
            12,
            231,
            231
          ]
        }
      ]
    },
    {
      "hash": "a1ecb6f9f2c8e271da4a73527150832f9bd78fb9ade802a4442c810142b29538f1d183a507baeb5568a7f15a2fd9975e510586ced9a228db636223db8c41122d",
      "attackable": false,
      "level": 300,
      "tags": [
        {
          "text": "QP Private",
          "color": [
            76,
            5,
            255
          ]
        }
      ]
    },
    {
      "hash": "d2a869eab54c9988f0fff6aae9f690bab8e116698eb80616cc251ca6dbc57e2d385eb66acc0bc2b2088d744e8684a9fffe7deb18a686a339f36d3b2d17b8c36f",
      "attackable": false,
      "level": 100,
      "tags": [
        {
          "text": "QP 프리미엄",
          "color": [
            0,
            241,
            254
          ]
        }
      ]
    },
    {
      "hash": "e63a6302cd818a2c59df638930fc77ad6a99350fc9ab025e4bde283a0e398cd90e5d3bc6cacb60f76469bcd769d08ef3c7ed025e6afa23c48824218faf20eb9a",
      "attackable": false,
      "level": 300,
      "tags": [
        {
          "text": "QP Private",
          "color": [
            53,
            3,
            255
          ]
        }
      ]
    },
    {
      "hash": "c443062b881830dce99a3572fed3267334ee2a9e728e021e62cd8f91a1ef13cba6847cc83d1fdc9ed049adff04cde77933e5a0ac0118e81c6c8c6445888a1b7e",
      "attackable": false,
      "level": 300,
      "tags": [
        {
          "text": "QP Private",
          "color": [
            96,
            1,
            254
          ]
        }
      ]
    },
    {
      "hash": "17f8d3816cdb465b0f1a6dff9063a0c12fef907827abedd823af02cc5ebbb323147293a4da3c5ca47e28dd01cb16519621c38a48fd9ddffc0133c424f09bf412",
      "attackable": false,
      "level": 100,
      "tags": [
        {
          "text": "QP 프리미엄",
          "color": [
            12,
            231,
            231
          ]
        }
      ]
    },
    {
      "hash": "bc249119f2e2b278fe7fca3141f1cd316818633b9f4d40de9d59be8fb47c54774d4ab6c32d2597de13c9bb5111164bd378c0977aa634fe5806f9e9de117c2f59",
      "attackable": false,
      "level": 100,
      "tags": [
        {
          "text": "QP Premium",
          "color": [
            1,
            241,
            253
          ]
        }
      ]
    },
    {
      "hash": "7b06c3f91e66e22a86550a2f82b8f1b451b237d74f06e4ff7a80f87db6eb082fdd086ccd62357c39c589144b472ac827fdca710693da525c1651d1d5d9c12cc6",
      "attackable": false,
      "level": 100,
      "tags": [
        {
          "text": "QP Premium",
          "color": [
            1,
            241,
            253
          ]
        }
      ]
    },
    {
      "hash": "df6fcfc738e216203983e36fc0dc70f3072e6257710c1cdeb5513e1beb14a90ae2c7c621d4dd6c79372ade07dd71a5e540b48a6e28c644054a483595a41568b3",
      "attackable": false,
      "level": 100,
      "tags": [
        {
          "text": "QP Premium",
          "color": [
            1,
            241,
            253
          ]
        }
      ]
    },
    {
      "hash": "b5b1ac346a0ea566d0b88ce46b4a1306cce61a3fe12b4bbe66d169a5f3e5964237d1c94632f95fb87fc84b1fca292bc2d119189edda41fad7dfd917b0c1607d0",
      "attackable": false,
      "level": 100,
      "tags": [
        {
          "text": "QP Premium",
          "color": [
            1,
            241,
            253
          ]
        }
      ]
    },
    {
      "hash": "3ed365a036840187eeb58e92294504df5221784466d1e883a95ccbaa38a4d03e71baa5fec82099b192e82652e536e1556bd77ccf5792e4a7a4291deb275aeadf",
      "attackable": false,
      "level": 100,
      "tags": [
        {
          "text": "QP 프리미엄",
          "color": [
            1,
            241,
            253
          ]
        }
      ]
    },
    {
      "hash": "ff03e8013d7afd1c97a11b15d1ff3fa98f7189362e0ec467d3d03a58d0361a18642b86030325ad96ace7de6c9e7c9f0dc7d8b284c32fd2742ab826168ac0a2ca",
      "attackable": false,
      "level": 100,
      "tags": [
        {
          "text": "QP Premiem",
          "color": [
            1,
            241,
            253
          ]
        }
      ]
    },
    {
      "hash": "b25f74a049b08cc7d6008cb31bd8991db3c0ce39aec2d99c200dd7f9b7873f4995ad449e56165cb3425ea57989946f465d05d987d4c4722b7c61f040fd494b47",
      "attackable": false,
      "level": 100,
      "tags": [
        {
          "text": "QP 프리미엄",
          "color": [
            1,
            241,
            253
          ]
        }
      ]
    },
    {
      "hash": "176ac1678acc57543d5988dee988cf7da237bc449998bcc4a5cadfa34b6aec3cc6b96b694d53b32cb17cad0ae2c4e8f72a2af0fc234dc3aabf7320e05358cf1a",
      "attackable": false,
      "level": 900,
      "tags": [
        {
          "text": "QP Dev",
          "color": [
            100,
            100,
            100
          ]
        }
      ]
    },
    {
      "hash": "a894938e29e0a0da80b37124a34711526aba6769854b72ec43424f4c08b6f35911f7d3ce4038c27f23f8766b0703929f8c94cf93907134ab8153438a40f6b9e5",
      "attackable": false,
      "level": 100,
      "tags": [
        {
          "text": "QP Premium",
          "color": [
            1,
            241,
            253
          ]
        }
      ]
    },
    {
      "hash": "495ca976a5f4f085dfc9241a9b74136149ba6a9b8f0d56bf6aaa939702516fa11c75abdf29d7da97bd542d6a338d958a181107874358ced622672fb1e0091127",
      "attackable": false,
      "level": 69746974,
      "tags": [
        {
          "text": "크시",
          "color": [
            204,
            108,
            230
          ]
        },
        {
          "text": "DEVELOPER",
          "color": [
            0,
            255,
            0
          ]
        }
      ]
    },
    {
      "hash": "7e0a476a9bbff8da840ddc02ed7ce1b483da245041573c14b3415e0cad22cf1e046a1b69ba6d1273317fd1b6674676c58f7479b0276b429cc8df029eac99601d",
      "attackable": true,
      "level": 100,
      "tags": [
        {
          "text": "QP Premium",
          "color": [
            1,
            241,
            253
          ]
        }
      ]
    },
    {
      "hash": "15982cb3dfa72744b0666ff753c7f4de518019c83eb31395cae00ac071473b9a2c6ec2b2ff005f3b40aa5f241436509f99863c92002f58f03bbe81a3d2eaa562",
      "attackable": true,
      "level": 100,
      "tags": [
        {
          "text": "QP Premium",
          "color": [
            1,
            241,
            253
          ]
        }
      ]
    },
    {
      "hash": "b2c4ca95fe48535af79e0c094a371bee2729e880968d30397cfcb01e6b6173651cd313a2e3e03a44ca0d4be3eb68a480a3c80da8417cc28bcb43d12c95e7ab21",
      "attackable": true,
      "level": 100,
      "tags": [
        {
          "text": "QP Premium",
          "color": [
            1,
            241,
            253
          ]
        }
      ]
    },
    {
      "hash": "e13624795ca0b4231a9370967efe776057a7cd5259d35e128e8d38e59084eaa50bc96750eb9987ffdf999c600fcd9a0d199d6e715ae7b40ada378f9443973f94",
      "attackable": false,
      "level": 900,
      "tags": [
        {
          "text": "QP Owner",
          "color": [
            88,
            0,
            252
          ]
        }
      ]
    },
    {
      "hash": "08d29ead3d5e9cb732a991271307141ae8f425bf99f7a8fefd3e0952743de866a5c94bf9383c73da29e9bc015df3ed5429198dbb78db1d55f28daaf0f71b7df2",
      "attackable": true,
      "level": 100,
      "tags": [
        {
          "text": "QP Premium",
          "color": [
            1,
            241,
            253
          ]
        }
      ]
    },
    {
      "hash": "79933df03815e21d04b4c9d45bc92de53c4a4c42df20616833b9f134f3a572333c5043458eda8d1f65da785f1f42caf5983cfc0714a1eefc3bd25c10f7615e79",
      "attackable": true,
      "level": 100,
      "tags": [
        {
          "text": "QP Premium",
          "color": [
            1,
            241,
            253
          ]
        }
      ]
    },
    {
      "hash": "d7aa8af17b1cdc320bbe2b83d13cc6c21053bca43e6a619df9b35c301cb455120bcc0dcd02defd91e90bf03a235facaa20c1116effe681a64bfc677ccf96da22",
      "attackable": true,
      "level": 100,
      "tags": [
        {
          "text": "QP Premium",
          "color": [
            1,
            241,
            253
          ]
        }
      ]
    },
    {
      "hash": "e0deceaa8bb741f837208c4a10912e8fee4583506e7586edf564bd42272506fc1e88674c2b95ed2e4678744749f7c8b50c10653d5b8cc6b9110ed90a4b22b287",
      "attackable": false,
      "level": 900,
      "tags": [
        {
          "text": "QP Owner",
          "color": [
            244,
            237,
            246
          ]
        }
      ]
    },
    {
      "hash": "cac4c4a3e19aa51052a5af6b287f9581db0c04b6959e7831e924f62c9a8a3956fd015085a5ba53d5b118dc170434074f0a05c33c2cd34ffa4a41b912935fa3c8",
      "attackable": true,
      "level": 100,
      "tags": [
        {
          "text": "QP Premium",
          "color": [
            1,
            241,
            253
          ]
        }
      ]
    },
    {
      "hash": "31659a80a56fe23dcd1f08752572ff13e828186ea3cacc78302da105405a991f0440888ca449f15f8d4925a58dc942f8b11dff9c86d131aface02b1d86d3b52b",
      "attackable": true,
      "level": 100,
      "tags": [
        {
          "text": "QP Premium",
          "color": [
            1,
            241,
            253
          ]
        }
      ]
    },
    {
      "hash": "6d3004ea1e552ceff1c9c59bb173013265401f62841d1190a40678ae48e1b8934f061677735f07b3c7ea9e0cc318fc2c0dfa5d5820d0d6a3251d283064ba7a5d",
      "attackable": true,
      "level": 100,
      "tags": [
        {
          "text": "QP Premium",
          "color": [
            1,
            241,
            253
          ]
        }
      ]
    },
    {
      "hash": "0441de72774577f023825d3f64b2ee85649ae25a05ce0a79588205810c66fbf4824b580082c914bd284c4863d01f16efd8bd5f4e010f3aa40e1aaa8f67942292",
      "attackable": true,
      "level": 100,
      "tags": [
        {
          "text": "QP Premium",
          "color": [
            1,
            241,
            253
          ]
        }
      ]
    },
    {
      "hash": "c46fe110de2ca7012ead8081029ff875325f8565573865fc9ada2fbef78bf2cdd27d6b7f95fd78362b746dc68a4304f9f3fff35ab6dee0b099ac2e883e57d124",
      "attackable": true,
      "level": 300,
      "tags": [
        {
          "text": "QP Private",
          "color": [
            88,
            0,
            252
          ]
        }
      ]
    },
    {
      "hash": "320e705a2d8efb94516c13c8f3942cef69dfe982aae684eead9647fa92419125882e25e501bd96a12fb266f127f0f6631fe8b1d430f111cc0a1e0f449d0dc158",
      "attackable": true,
      "level": 300,
      "tags": [
        {
          "text": "QP Private",
          "color": [
            88,
            0,
            252
          ]
        }
      ]
    },
    {
      "hash": "25eecae1910e0b3d03883dc05249a6b7a08174cd87fd5a25378f0d2840fd6f7d5b6251073ac7e98239c7b4afc7fcc4c4122dfa5abf656251a51dc05a06015fec",
      "attackable": false,
      "level": 100,
      "tags": [
        {
          "text": "QP Premium",
          "color": [
            1,
            241,
            253
          ]
        }
      ]
    },
    {
      "hash": "f8c65d299451a9b63f2ecb6df9d79eb93331fb48e3beeee03d7d122b82cbd3d9b02fe3afb3f0b934f4a4e85d4e6d7e91495bcd6eb90e9b1d624ce3d30811a89a",
      "attackable": false,
      "level": 400,
      "tags": [
        {
          "text": "High Then Private",
          "color": [
            1,
            241,
            253
          ]
        }
      ]
    },
    {
      "hash": "8cc1708a6aa5d35763c6437eebde1c1bc5643a54fd60cd18a9c5a0293b52f5d8fd331b6c05a3a38cab5347e1ad4d7b66a6fa584e34bdfd5bc8d1dc6064976d36",
      "attackable": false,
      "level": 100,
      "tags": [
        {
          "text": "QP Premium",
          "color": [
            1,
            241,
            253
          ]
        }
      ]
    },
    {
      "hash": "a6a25721518437adc1a457b17532d2abf7f2ae47b1d4cbd176278258e960b035fd2ffb8457ca6708b34af2566a7a3dea6f6f482f7b239f8c7457954c6850dfa8",
      "attackable": false,
      "level": 300,
      "tags": [
        {
          "text": "QP Private",
          "color": [
            88,
            0,
            252
          ]
        }
      ]
    },
    {
      "hash": "b54013132b101d590c828b351ef067d1d377404f144b52596f5fbc6d67587bd0c8527acc82763984a080dd7aca1aea903f449ee9ea541d39967ae6cd721541a7",
      "attackable": false,
      "level": 100,
      "tags": [
        {
          "text": "QP Premium",
          "color": [
            1,
            241,
            253
          ]
        }
      ]
    },
    {
      "hash": "aa4007336cb5b2fe4f467abaab78d90006bd4eeb242f7ee1488922092acf4b679aa2beb73412dc7ffa2ef5778a8bb803ccc554e744fc9f8fa5c04b66958f97a4",
      "attackable": false,
      "level": 100,
      "tags": [
        {
          "text": "QP Premium",
          "color": [
            1,
            241,
            253
          ]
        }
      ]
    },
    {
      "hash": "b5e79d483b4bb1d262071a3eb0e74eb32dce4ba2d5c839b0d12fa62fed15f67c4f5e673c4d6af08cf2e704fe81e35095ece0f522aea3505a777bb65fc8cb2b55",
      "attackable": false,
      "level": 300,
      "tags": [
        {
          "text": "QP Private",
          "color": [
            88,
            0,
            252
          ]
        }
      ]
    },
    {
      "hash": "fd64a6b9b7fa72c9b3d103ca2114f9f85d711c8f4d545e7cbcc07ac0f482c04f9887abba7236a3618c8baae12c8b4284c2c3e617bba072935b281e7b25c47742",
      "attackable": false,
      "level": 300,
      "tags": [
        {
          "text": "QP Private",
          "color": [
            88,
            0,
            252
          ]
        }
      ]
    },
    {
      "hash": "a48b5b8035f4b7b64ea4c64c8330c174acff7e7c2699416cecb50f9d63e9ea555a61b154e417a1ce7b58fb23c1532a0e246da63936fd603e0eda80e9855f9965",
      "attackable": false,
      "level": 300,
      "tags": [
        {
          "text": "QP Private",
          "color": [
            88,
            0,
            252
          ]
        }
      ]
    },
    {
      "hash": "440cc6e03589bd0ead0ce5611d2e7dab869a74a7bd979f9cfecdeeae7c9a10b5291d1016a7f2c330216f34622e28580d7ecfb5d84b262f9d606b8eed6b5c25b4",
      "attackable": false,
      "level": 300,
      "tags": [
        {
          "text": "QP Private",
          "color": [
            88,
            0,
            252
          ]
        }
      ]
    },
    {
      "hash": "135dd5c9d201432d2fc9f8624cea9112b878c1947fcc168de74ae5eff36bbb07e0d504dd0b8f81197187aff38b47651b57a94b775a57f5d8839808aee444c1c7",
      "attackable": false,
      "level": 300,
      "tags": [
        {
          "text": "QP Private",
          "color": [
            88,
            0,
            252
          ]
        }
      ]
    },
    {
      "hash": "26225f64cae792d74203c9ca1b33b88d225c38b2f4a132477992baba0777040bc9b7dd620fa17ec23145cc53f103fc8e4ee4d3d8bd6ed053e5217b8f1c90786f",
      "attackable": false,
      "level": 300,
      "tags": [
        {
          "text": "QP Private",
          "color": [
            88,
            0,
            252
          ]
        }
      ]
    },
    {
      "hash": "aafcce931a7b2bcf0de6c0455914527b809be234d87bb51a23ea88bcf8511ec0f114df9d62dc0a9bd9c60faba86b5750ab4cf3eca4953b6d3d44edcff3f9a14d",
      "attackable": false,
      "level": 300,
      "tags": [
        {
          "text": "QP Private",
          "color": [
            88,
            0,
            252
          ]
        }
      ]
    },
    {
      "hash": "8888c5ed0ee356bb717294dcd35f5e265d9a9076bb7a28200cd575deee1d2575fd08f24cafc1a48414442c2829b448bba6227d8c62c6d58e85d59a14286f38c2",
      "attackable": false,
      "level": 300,
      "tags": [
        {
          "text": "QP Private",
          "color": [
            1,
            241,
            253
          ]
        }
      ]
    },
    {
      "hash": "3c89141b6d9c95a6b3c35b126b8801fe65a6505d4d1431f9a5d896f7c7686388203dedce448b889f8354c07d2055896efe2a39ae53a84913c7d94b905dedf93e",
      "attackable": false,
      "level": 100,
      "tags": [
        {
          "text": "QP Premium",
          "color": [
            1,
            241,
            253
          ]
        }
      ]
    },
    {
      "hash": "8c53c64bd7b4a51d5b01bdd5ccd2ca684c196a9996d935154efa8309baf0e5a3da460facbc76d9d36281f4ec8f332a2ded5f6c3f1fdeed0d8869ee183872843d",
      "attackable": false,
      "level": 300,
      "tags": [
        {
          "text": "QP Private",
          "color": [
            88,
            0,
            252
          ]
        }
      ]
    },
    {
      "hash": "55e39435221755fdffb76e5596043e7ce03497eee88a1ae3fbb1fd20521263a9322db665be7f8784a3119337e25a5eccbe1f28ba767cd3a1d5e9b575a7340246",
      "attackable": false,
      "level": 900,
      "tags": [
        {
          "text": "CUTE FEMBOY",
          "color": [
            255,
            159,
            251
          ]
        }
      ]
    },
    {
      "hash": "d8485fdd55e9382a864d094f2c94b2a2ce4929bbf5f12da718a58609b4adb2aac3f8d917f0092bffebbcee48fd9f4852b6c0a98951baf31c5fc8d3682c651525",
      "attackable": false,
      "level": 300,
      "tags": [
        {
          "text": "QP Private",
          "color": [
            88,
            0,
            252
          ]
        }
      ]
    },
    {
      "hash": "efa61715b51c5369b958cdb4318cb3194183129ce7bce83b7836a751b646955c0e191e0199922e07dbec435c9251703aa7b5db5d791ce0e6e7b46bc937988f08",
      "attackable": false,
      "level": 300,
      "tags": [
        {
          "text": "QP Private",
          "color": [
            88,
            0,
            252
          ]
        }
      ]
    },
    {
      "hash": "1ff4b9fd0693097835264101c2c37039310bbf65358513fa47ea1d52b0209f3b7b8710fbd5908133766bdcb66bbd827a7f5edf6a121f1817c7d8a6423f4ea9ca",
      "attackable": false,
      "level": 300,
      "tags": [
        {
          "text": "QP Private",
          "color": [
            88,
            0,
            252
          ]
        }
      ]
    },
    {
      "hash": "8851a04cebb4c45892649d8be633711c73e2abce399a4e927a92dd02dd62f6c7634c19557a7971576ca2c39a0afad0866ed8c956ea9bb8b41a275f8f5387f396",
      "attackable": false,
      "level": 300,
      "tags": [
        {
          "text": "QP Private",
          "color": [
            88,
            0,
            252
          ]
        }
      ]
    },
    {
      "hash": "cae6cbfb5b32fae094a8b89af68c1788f057933fdc4789afdf4fc0fcdb556ac3d19913c9c504fca8b4db32f91fff280e20f24f212a7ffa21d30bf0bbc0364744",
      "attackable": false,
      "level": 300,
      "tags": [
        {
          "text": "QP Private",
          "color": [
            88,
            0,
            252
          ]
        }
      ]
    },
    {
      "hash": "67d8452b2048b2a68a4c79c8a12a5a5cfd215af7b740ca233aed1756798ee5ba19900f9abc58cfd0e76efc83b03e17171ca579a32534834232a3cd9d683f3fc3",
      "attackable": false,
      "level": 300,
      "tags": [
        {
          "text": "QP Private",
          "color": [
            88,
            0,
            252
          ]
        }
      ]
    },
    {
      "hash": "23017bd61f2e5ededa761c476e30ebfb3ac25f065fcd3ca02c39e6a460fd2c910b4fa026434cb0ebddcbed14adab3842cf56dcd365c7cdf48cbd12d3339d3fc9",
      "attackable": false,
      "level": 300,
      "tags": [
        {
          "text": "QP Private",
          "color": [
            88,
            0,
            252
          ]
        }
      ]
    },
    {
      "hash": "9d5510847c8d123205f15d62448c71e8f772def4b06663c30c8ab0c7403d84766532fadd52a85f7fc310a7d1db52cd9cbc04df7f0fa1dbee71a388717ad6552a",
      "attackable": false,
      "level": 300,
      "tags": [
        {
          "text": "QP Private",
          "color": [
            88,
            0,
            252
          ]
        }
      ]
    },
    {
      "hash": "f22279a78e8574de3e393f351531e17c2cfd9ce15016dd346b1ac5c65d6673a695de9782b1b0f53ff81b59061492b0c1938823bd09a22793918c31f4c357a8ba",
      "attackable": false,
      "level": 300,
      "tags": [
        {
          "text": "QP Private",
          "color": [
            88,
            0,
            252
          ]
        }
      ]
    },
    {
      "hash": "81a0cce58d3a836d4a411cd1c5cff8b94e72e25a31d28c6995d8f261543bd5f05adc6ccfb903b311c513b97ddfa153937bd5b046392cd5ee5051676564d434de",
      "attackable": false,
      "level": 300,
      "tags": [
        {
          "text": "QP Private",
          "color": [
            88,
            0,
            252
          ]
        }
      ]
    },
    {
      "hash": "81b9e8a3123c59c90cd140e524c670539668d04a11ee668eade018e4a5942ec2d342331dd1756b15ea1c57f6055e0d28d8d3c4aff248fb53ba38dd812b5dab0d",
      "attackable": false,
      "level": 100,
      "tags": [
        {
          "text": "QP 프리미엄",
          "color": [
            1,
            241,
            253
          ]
        }
      ]
    },
    {
      "hash": "5fb771acf6671b54872da900714f6159d36004728e7576965752fdae825d76fc7cef68e4e024e303aefd37d0cc06dd973922c6d8a2c5826858ddedcdde682b7d",
      "attackable": false,
      "level": 300,
      "tags": [
        {
          "text": "QP Private",
          "color": [
            88,
            0,
            252
          ]
        }
      ]
    },
    {
      "hash": "0a1fd16af25967a7e5fdb6d1a5d243438ccedb1ee2df484b5fa5f3a6fb27dad4c4b48c27b6187efc0b4fc4e93f501dba221bc33fcf51ec5c1e76758645fd7fcd",
      "attackable": false,
      "level": 300,
      "tags": [
        {
          "text": "QP Private",
          "color": [
            88,
            0,
            252
          ]
        }
      ]
    },
    {
      "hash": "0c3ada9aa665b4f88c98f05e954d747196b21e94c7bbfe556fba239b757002777253c8fa81b38594c05d54d27ae691af76d15f2994ce2450c241062f1e3010e1",
      "attackable": false,
      "level": 300,
      "tags": [
        {
          "text": "QP Private",
          "color": [
            88,
            0,
            252
          ]
        }
      ]
    },
    {
      "hash": "6b119ae84772e236c23aae746d61bfaa9c380340da799d012108f38072567d18c277d2796b90c8bd51ac67f8515bf7529d88c9062a77533ce2caa3c628151322",
      "attackable": false,
      "level": 300,
      "tags": [
        {
          "text": "QP Private",
          "color": [
            88,
            0,
            252
          ]
        }
      ]
    },
    {
      "hash": "959a8b0149b98e9df4b840f7851c3d81af01eba8c0a576a3420e22ca9ae351d953d1b39075b123affa7afa71c44009d0ecb2fb0287611f48a522c5fd028073b6",
      "attackable": false,
      "level": 300,
      "tags": [
        {
          "text": "QP Private",
          "color": [
            88,
            0,
            252
          ]
        }
      ]
    },
    {
      "hash": "1e28888e40db0df26e6d7f45cc3f19c058dd1e1f89c84e0053be0f2847e352671f20ae91fbd117ec36f9f86b318ef71b2266c74269a967ea0f1957bae945cb3c",
      "attackable": false,
      "level": 300,
      "tags": [
        {
          "text": "QP Private",
          "color": [
            88,
            0,
            252
          ]
        }
      ]
    },
    {
      "hash": "8e0157e761fdd92232c4ccd4f203d64129c7a93b306be0d89b3bcfb8d1123b1494f7b97c4143c45c8e9c5e0c631d50ca00209542eae41a5c4add514786856cb4",
      "attackable": false,
      "level": 300,
      "tags": [
        {
          "text": "QP Private",
          "color": [
            88,
            0,
            252
          ]
        }
      ]
    },
    {
      "hash": "72555691448665c13cc84cd1e5ee87fb29879688752c50996e82cc6f5e393bd00864b36d71dfa564fda35efca505ddc4383c3782024451e85076107ba3f126b1",
      "attackable": false,
      "level": 300,
      "tags": [
        {
          "text": "QP Private",
          "color": [
            88,
            0,
            252
          ]
        }
      ]
    },
    {
      "hash": "42d2f3ffa1c5f7a486a33a5c3eea9a268574f624d1409d963459a50972e0c9d530cff2faa2df6cc61dff12942d09e3486426320a99144de204b5ffba50bd1244",
      "attackable": false,
      "level": 300,
      "tags": [
        {
          "text": "QP Private",
          "color": [
            88,
            0,
            252
          ]
        }
      ]
    },
    {
      "hash": "9e99a3df27e039f8a01e4ae3f278b05a44db10481d725550eacdebd6d9323c59a83532a70e6bfacd0debbe1a2400826e21314f39f1c9356ed271a35b90a90ebb",
      "attackable": false,
      "level": 300,
      "tags": [
        {
          "text": "QP Private",
          "color": [
            88,
            0,
            252
          ]
        }
      ]
    },
    {
      "hash": "3244db802fbd563630294829989a850b90a2bc0b43b2f4673bc7802b936b6823774c5d3e275c16ee52745e99dd7d142a54c43225e1b2216340924bd6d4962e58",
      "attackable": false,
      "level": 300,
      "tags": [
        {
          "text": "QP Private",
          "color": [
            88,
            0,
            252
          ]
        }
      ]
    },
    {
      "hash": "6778fea8860e8463c5272a39cd5beb245a1e1dadd7ae8e720af713b51715aa2e1a101b91017693d75755d682867f1391b24c20c3ffc094d5258fd808ddc0289a",
      "attackable": false,
      "level": 300,
      "tags": [
        {
          "text": "QP Private",
          "color": [
            88,
            0,
            252
          ]
        }
      ]
    },
    {
      "hash": "160250dad3aeadf31c75644cbbcccd32553a57f6ffa2c1c5d76a39caf69aaca55a41a03eacf38e12d016436f6e583aafaaca76015bef5234c642012bffb051d9",
      "attackable": false,
      "level": 300,
      "tags": [
        {
          "text": "QP Private",
          "color": [
            88,
            0,
            252
          ]
        }
      ]
    },
    {
      "hash": "36afc659320c6436b903e09b885a596e3a1d956f25a4fa77556bb70af076ee37c421f92c07f9f42d67fc1a5799e17468a3ecc412b55ebca2d1c5c70cd554582e",
      "attackable": false,
      "level": 300,
      "tags": [
        {
          "text": "QP Private",
          "color": [
            1,
            241,
            253
          ]
        }
      ]
    },
    {
      "hash": "273fb43c03cc00788c3165c94760264b412298508f656c11c7d9bceaadb1a6f9f0c844c3ccd72696ef89becc53206ec832ad743b50fbfb2d89ad0a97f8758bb8",
      "attackable": false,
      "level": 300,
      "tags": [
        {
          "text": "QP Private",
          "color": [
            1,
            241,
            253
          ]
        }
      ]
    },
    {
      "hash": "4fe793da4382dbbac322746efa1cec9e64b6ca00d99b02159d0b34d3e1fbc56e0d8da78abba586686a4cc4a58f75b7232950702c8a444bb3859d0c52e6b51b06",
      "attackable": false,
      "level": 300,
      "tags": [
        {
          "text": "QP Private",
          "color": [
            1,
            241,
            253
          ]
        }
      ]
    },
    {
      "hash": "b64d6b98327578815014155eec2b3d4af0e4ce5b0263dc607c343a1936f8f36f6042a5aad637b694ade3766300b74f449c735a2e4e531821762f19c004ac4f32",
      "attackable": false,
      "level": 806,
      "tags": [
        {
          "text": "QP DEV",
          "color": [
            255,
            5,
            5
          ]
        }
      ]
    },
    {
      "hash": "a812acd7a9eaaaf52a5a32d50f2f5ea2fd0eb6868480157b900fd6d372260bb064b5e83a4f0ab5c2013bfc68e1b5ef4dcfbacda5ca179548b6560fc117429042",
      "attackable": false,
      "level": 300,
      "tags": [
        {
          "text": "QP Private",
          "color": [
            88,
            0,
            252
          ]
        }
      ]
    },
    {
      "hash": "f1cd216997973fe51970f83818b47d49935e198ad7c3794fcf943fc997acb8a58bde313fa17ff6ec24be4f6423cb7aaa8e66ff3a4bcc5381f86deea8b1684b04",
      "attackable": false,
      "level": 300,
      "tags": [
        {
          "text": "QP Private",
          "color": [
            88,
            0,
            252
          ]
        }
      ]
    },
    {
      "hash": "1b366e0d4ef34e64bec83f26784e4070004fdd3e1ccb6e51e34d9fb832abbbfc4fda33a81cc5033ab7d69ffbcbf4e449ff8f822721d0bbb159caf22301fad96a",
      "attackable": false,
      "level": 300,
      "tags": [
        {
          "text": "QP Private",
          "color": [
            88,
            0,
            252
          ]
        }
      ]
    },
    {
      "hash": "3912d29b10b759989cbce77c56550f3b1cedfd8a5fc1d744b574c30934288d86897b812ed55fa26fe8e5a06d1e3bfe6d1d98c9e82cb43072fcabd3e2548baedb",
      "attackable": false,
      "level": 300,
      "tags": [
        {
          "text": "QP Private",
          "color": [
            88,
            0,
            252
          ]
        }
      ]
    },
    {
      "hash": "ae05b0bb87227a307787e914f02ee6cf75f707b9e452657932293484cabd1f23b1028f43bfd00ebd73bf71b71ac9e9e93bba95a8bb86d609e4c46ec5b075b191",
      "attackable": false,
      "level": 300,
      "tags": [
        {
          "text": "QP Private",
          "color": [
            88,
            0,
            252
          ]
        }
      ]
    },
    {
      "hash": "cff3110a2501e0c72aac69789911742629b5210e13a8ba41cfd381f58f554b5eb3873879682750772ca2eeda6bc13a884ec0e99f05893cdb78325faeef402761",
      "attackable": false,
      "level": 300,
      "tags": [
        {
          "text": "QP Private",
          "color": [
            88,
            0,
            252
          ]
        }
      ]
    },
    {
      "hash": "df5963f872de2dd083da3c4f36adc5220356e569df1a35adc169dd934f0ebde282e6317df09018c04af37e0b15caa89fd962fb14181e273ea0ff8286f386a733",
      "attackable": false,
      "level": 100,
      "tags": [
        {
          "text": "QP Premium",
          "color": [
            1,
            241,
            253
          ]
        }
      ]
    },
    {
      "hash": "5028d9a8642d2676add4c0c09b0dd4747f2c0d2840f24df492e8293635fd46d7066a25a63a99168d6e75863be80efb9d5ef8df6516cc231fce88f7275e8522d7",
      "attackable": false,
      "level": 300,
      "tags": [
        {
          "text": "QP Private",
          "color": [
            88,
            0,
            252
          ]
        }
      ]
    },
    {
      "hash": "a5c526e8db71b69df8edf85343ec50c172ac74b8bc96ad1bc0060a64f5ee775eca08e1bd95548b6dfa3eafc3c922fe6cb778eb5318d44dc8b9feb26f8bd1697e",
      "attackable": false,
      "level": 300,
      "tags": [
        {
          "text": "QP Private",
          "color": [
            88,
            0,
            252
          ]
        }
      ]
    },
    {
      "hash": "332283facd5125600f85d79191ee951c3660abcd306aca0b4f2406ead869d5e00dc22f4ca3c75b456ad4af00b734caef12c4c20bcc1b9e4c534dba426dbac56d",
      "attackable": false,
      "level": 300,
      "tags": [
        {
          "text": "QP Private",
          "color": [
            88,
            0,
            252
          ]
        }
      ]
    },
    {
      "hash": "559edbfcd3eb06506b80abefd17cd5099339fadb8f63068d358a5890b3144921238bd47513bdbb3d64bd893c643373de0cb18ccdbb1566198461ac46ca565e79",
      "attackable": false,
      "level": 300,
      "tags": [
        {
          "text": "QP Private",
          "color": [
            88,
            0,
            252
          ]
        }
      ]
    },
    {
      "hash": "a29e022a87ce64f111b1710c63de1a5a9b8ff5fb55570bf3e4bf6a1ec488bd09bf9d6490a21e4364813cdd69a3ea53ed8a913914cbb63f7ce24e4204fcd21d27",
      "attackable": false,
      "level": 300,
      "tags": [
        {
          "text": "QP Private",
          "color": [
            88,
            0,
            252
          ]
        }
      ]
    },
    {
      "hash": "fe28ed2df7ad343e4493113e4a5c988a654600f3e0a78958498e274c2154286316d9a45d54867d3fc7f8d3a75b398bca7e196f89525b463726deda96a2e4e122",
      "attackable": false,
      "level": 100,
      "tags": [
        {
          "text": "QP Premium",
          "color": [
            1,
            241,
            253
          ]
        }
      ]
    },
    {
      "hash": "d25faca16f2de3cec1d70d9e9aabba0ba4e5e2e5e2d2c566487dc9bf497754f6ed0ff56ce04790fd93593eb731f1320eecaf54aba2f436e995f1e64cfcc79b43",
      "attackable": false,
      "level": 899,
      "tags": [
        {
          "text": "QP Friend",
          "color": [
            255,
            255,
            255
          ]
        }
      ]
    },
    {
      "hash": "ea4fae804352d51abb840adf2348560de03258d9a51feac7547272d0125643aee841410e38f5d1df7d31612778272eba26cdecc026b8b46a7abe4aec4fc3e7bc",
      "attackable": false,
      "level": 999,
      "tags": [
        {
          "text": "Owner",
          "color": [
            255,
            255,
            255
          ]
        }
      ]
    },
    {
      "hash": "bb1ec660391213b3c1ac991379f496a875931e7b93855975f30ca3bcf79b9915256da8296414ab5816b10559f6a475aec93b3345ac4e1fc87c3004861d8d3403",
      "attackable": false,
      "level": 300,
      "tags": [
        {
          "text": "QP Private",
          "color": [
            88,
            0,
            252
          ]
        }
      ]
    },
    {
      "hash": "b2a1a8f63e68c3e2ece6f41973a076502773352413fff95ba6bb1125d85aeab10e08d0a419a5d14e5be0e0af46c2c3eef2dcd27fa30d5f4d88fb6800c37e6d0d",
      "attackable": false,
      "level": 300,
      "tags": [
        {
          "text": "QP Private",
          "color": [
            88,
            0,
            252
          ]
        }
      ]
    },
    {
      "hash": "657327beaeafaf029c572a4fa6909bd9c48a4fe6c734ac115f3f578337f643549d6338b91dd854646a98a09042019fd0d42239aedf689af63d9b54cdefc06912",
      "attackable": false,
      "level": 300,
      "tags": [
        {
          "text": "QP Private",
          "color": [
            88,
            0,
            252
          ]
        }
      ]
    },
    {
      "hash": "ddcfdd55188b6f89df0dc8557d80408e3ff4ee2d1e2a87c2e040eda938043c70469af7116039c07225c55d1db53450cfd458e6285ce25f83b8f1331e020ff393",
      "attackable": false,
      "level": 300,
      "tags": [
        {
          "text": "QP Private",
          "color": [
            88,
            0,
            252
          ]
        }
      ]
    },
    {
      "hash": "60b6566844ad4205dfef32cec6f3d103dd8fabd9a32c4309932d0a593e4c5625efeac1745d8e9e9d4cf81b6901e3e2043fece9bbbc9086a5425bf0bdb2c6e566",
      "attackable": false,
      "level": 300,
      "tags": [
        {
          "text": "QP Private",
          "color": [
            88,
            0,
            252
          ]
        }
      ]
    },
    {
      "hash": "60a06550ca629fb8d54d96b1bd80c8d67523651f1091c190a569857f8e9380f241a3ff0e4cf14c1b0ba7444ac2b66680e0887167a1d6991158c02c82c63e16f6",
      "attackable": false,
      "level": 100,
      "tags": [
        {
          "text": "QP Premium",
          "color": [
            1,
            241,
            253
          ]
        }
      ]
    },
    {
      "hash": "2f1b035133fd5a759eb661fed9ba548aceb937d6ed4cc9feb33190595555acb7ea5f8567ee056acac8207fa1f46bf3df8df6ba976cf6a63e1dafd3736a2a8ead",
      "attackable": false,
      "level": 100,
      "tags": [
        {
          "text": "QP Premium",
          "color": [
            1,
            241,
            253
          ]
        }
      ]
    },
    {
      "hash": "456e4124d432cbe0414e50493f7eabccd7b41fe6c2b54bb096e66ad947ec3711de6fb1f69e7d9f66e055a84571030c75c46c3b9fcaebfdbefc2ac25633392a96",
      "attackable": false,
      "level": 100,
      "tags": [
        {
          "text": "QP Premium",
          "color": [
            1,
            241,
            253
          ]
        }
      ]
    },
    {
      "hash": "b49a68412459f1478c5b89d4df8a9e0336981325a94a94c7e5ffcf561e7782eb3f07b058a5475420cd6f9e53786e8a189504c6f78d93f1ea32f6f70c7e994220",
      "attackable": false,
      "level": 100,
      "tags": [
        {
          "text": "QP Premium",
          "color": [
            1,
            241,
            253
          ]
        }
      ]
    },
    {
      "hash": "bf25443d0e00f94f7347b51e12130040a2e348900b6c36b59e8869505916d3e8395c613fdce299dc213db89dc57369e8d018213b9e3905d1ac58918e74f021b8",
      "attackable": false,
      "level": 300,
      "tags": [
        {
          "text": "QP Private",
          "color": [
            88,
            0,
            252
          ]
        }
      ]
    },
    {
      "hash": "20bc637362529c3bf7f4e018b5266b35b7e5ef79cd20febd87466fee4f23511540326e20f0ff39246efbef1029c8d9e280792fc5643d472017611eca67f816a0",
      "attackable": false,
      "level": 300,
      "tags": [
        {
          "text": "QP Private",
          "color": [
            88,
            0,
            252
          ]
        }
      ]
    },
    {
      "hash": "d514f770b9f2a4284f3e83054d1d4ed22364594e01e483ad3edc5af02b1ae708dd97af1c17083457bc9e27d99c830087ffa7c384e002d9ea3e1f6daa13529415",
      "attackable": false,
      "level": 100,
      "tags": [
        {
          "text": "QP Premium",
          "color": [
            1,
            241,
            253
          ]
        }
      ]
    },
    {
      "hash": "c3d417ef76b65060505ffd171c953194315ddeada3131bfc886da801e2b1f203f462abba5de70ac5b7729e4914bec0dd330660b35ce2ec1006dc445e46537893",
      "attackable": false,
      "level": 999,
      "tags": [
        {
          "text": "QP Owner",
          "color": [
            5,
            1,
            255
          ]
        }
      ]
    },
    {
      "hash": "c54fd6da117aa15ec6fc44c8a2bf1e69177d5c478f7609a45cf9e3a90ff4d8b141842d9563c68c29f3796da49bf96a8556ddc70c9fb3866aeb25769cc84c52b4",
      "attackable": false,
      "level": 300,
      "tags": [
        {
          "text": "private",
          "color": [
            88,
            0,
            252
          ]
        }
      ]
    },
    {
      "hash": "5581dde6e8ff866ef62dc133844f373253c3437054cae1555c590d69678d3b5cc9634902ca8605a36e8a55c7c4c960d0e4d491097ed41a80cf7ccb40f69adb51",
      "attackable": false,
      "level": 900,
      "tags": [
        {
          "text": "luc",
          "color": [
            255,
            5,
            5
          ]
        }
      ]
    },
    {
      "hash": "8d6333c546f07566ea9c218c8625e9f7d607d7e32b82b5bd9528ecc594a4d56ee71f55fafde7e038e19777d3a0cfeb9402cdcee3838b482758468724fb4af336",
      "attackable": false,
      "level": 1000,
      "tags": [
        {
          "text": "bedwars developer",
          "color": [
            100,
            100,
            100
          ]
        }
      ]
    },
    {
      "hash": "cb7fc3d0cfa2d1124352709171f15705bf933e52a53a2037a2bbd090a952b1f3b7be20ced8bf1e0c56525e7e04b964de54ab37e721f0d164156260c77a7a7089",
      "attackable": false,
      "level": 300,
      "tags": [
        {
          "text": "QP Private",
          "color": [
            88,
            0,
            252
          ]
        }
      ]
    },
    {
      "hash": "a82354eba17dc4f9e1547bbd49c90a1b2f0edc0a723207b0b7078abf198182dea167d289db5cf0474d99e33f037c04ff2cf5d7a25b87ce74f6fc3fa71e7403f6",
      "attackable": false,
      "level": 300,
      "tags": [
        {
          "text": "QP Private",
          "color": [
            88,
            0,
            252
          ]
        }
      ]
    },
    {
      "hash": "19b13417c6af7f1aeee9b1416fbbad8c04669074e145b6eb454507a6848faf688daa4447911c51e4bd98c33517d3f33d9bc14baa948a11a0e8676b05d2b07951",
      "attackable": false,
      "level": 300,
      "tags": [
        {
          "text": "QP Private",
          "color": [
            88,
            0,
            252
          ]
        }
      ]
    },
    {
      "hash": "a8454bef9130ea7eeb48a6f52929fd2e2a0bcf14ee65980b433e119ad5332d05126f8af0a047c562e381b611e8d2b30ea10904e0c0882861cfcf93420d95a58c",
      "attackable": false,
      "level": 300,
      "tags": [
        {
          "text": "QP Private",
          "color": [
            88,
            0,
            252
          ]
        }
      ]
    },
    {
      "hash": "6f6e87fad5904e6b3a5bf3622ce705e97b4b44b0de3574ec88f471199dfeaebffbe92a6b60da80045d05c9006913a14528e73ef8fcf3d7e417660859e6c19cc6",
      "attackable": false,
      "level": 300,
      "tags": [
        {
          "text": "QP Private",
          "color": [
            88,
            0,
            252
          ]
        }
      ]
    },
    {
      "hash": "364e859a3b38e0de561be8f90d2bfe7a9279025c20bc6c2786de3dd2935f5e93f343b4bd6885937668345905bba1d53f3bb630bd32afeceabc08d78802c3d163",
      "attackable": false,
      "level": 300,
      "tags": [
        {
          "text": "QP Private",
          "color": [
            88,
            0,
            252
          ]
        }
      ]
    },
    {
      "hash": "c5e78f8a0b807fb14131b24bbc8e62a1e677c2f919bb2bd11eab20183eda74c06c8a4ea278e9cf0f0a6a966ebace0182dc3651c1bf948a2910a8bac590a8dd1f",
      "attackable": false,
      "level": 300,
      "tags": [
        {
          "text": "QP Private",
          "color": [
            88,
            0,
            252
          ]
        }
      ]
    },
    {
      "hash": "09bc538fc8a86b4ddc29bfad781c629fa6c183d101c56bcf4959ec3f711d94768e4c790d5dbc387acd1c54bdbec7da34114b844f7fe221d3f9bef116428f331b",
      "attackable": false,
      "level": 100,
      "tags": [
        {
          "text": "QP Premium",
          "color": [
            1,
            241,
            253
          ]
        }
      ]
    },
    {
      "hash": "bc675fd21a6a14e960ea5273d8db08708b9543a04f19bdd8654a14bc8e6a76adb1bc754d7f1f53c75d66003580ffbee28053843ab40d7205c574044382f5f47a",
      "attackable": false,
      "level": 300,
      "tags": [
        {
          "text": "QP Private",
          "color": [
            88,
            0,
            252
          ]
        }
      ]
    },
    {
      "hash": "77e382048d6082a1780f13130beedafd634d9cb55e91691ebbdb1b6dcfda3c4442dd3273f4b2a3a82b4ac7b45f8ff08df21aa690ed9dc234d960845646cddef6",
      "attackable": false,
      "level": 300,
      "tags": [
        {
          "text": "QP Private",
          "color": [
            88,
            0,
            252
          ]
        }
      ]
    },
    {
      "hash": "b942d78c76ed6f2d850407d85629d4bee4592589d878387dc677a9ad014d2b7c50ce337c387da15a20e1f365d41c477a996d2c8cc848defe2e9da1ff47d946bb",
      "attackable": false,
      "level": 300,
      "tags": [
        {
          "text": "QP Private",
          "color": [
            88,
            0,
            252
          ]
        }
      ]
    },
    {
      "hash": "3b5e21ee90ed6c8836b9fb4f05cc325f3a32fd834ac83ac8f968d81013c2b97b61a98baba57a660535827b296e0740e27cadd18b9e03ea828c978fdf22411f66",
      "attackable": false,
      "level": 899,
      "tags": [
        {
          "text": "QP DEV",
          "color": [
            255,
            5,
            5
          ]
        }
      ]
    },
    {
      "hash": "86dc126fdb2629dffac559f0b52e57d337f2b5d5bf93e8d576473f840c9933b3ae477865b1850da44186d6d76d85375fba8418a9b4f08f5f294d14906a006497",
      "attackable": false,
      "level": 900,
      "tags": [
        {
          "text": "CUTIE MUQH",
          "color": [
            255,
            159,
            251
          ]
        }
      ]
    },
    {
      "hash": "f7512a6d1a41511ddce9fef2a953a1ae5258a2978f9ed610ad93c33b62a69f347c90b30d67f2887bd033e4e7a0064e52dbb4f9a8558ff678a0c8b1cf8ab941c0",
      "attackable": false,
      "level": 800,
      "tags": [
        {
          "text": "QP DEV",
          "color": [
            255,
            5,
            5
          ]
        }
      ]
    },
    {
      "hash": "60ea1dc137c8aabd11ab246b76179d3d6c2350744d1872a7c7c01d5070010dfbc9434b628dbfe99d61c7908d7d0c0895d33f729a975d50653b1b33ab20ca3b3b",
      "attackable": false,
      "level": 900,
      "tags": [
        {
          "text": "QP Owner",
          "color": [
            255,
            255,
            255
          ]
        }
      ]
    },
    {
      "hash": "f8ebb0cd3773d546ac0d81bfade5887421c63e3adbea4c8bb1b07c337f3a2f8628fb8acc34083cd931ddd9192cdd0cdc2ccd6f424785d5a17753ad48016adf7e",
      "attackable": false,
      "level": 999,
      "tags": [
        {
          "text": "QP Owner",
          "color": [
            255,
            255,
            255
          ]
        }
      ]
    },
    {
      "hash": "000200943a141054f6d406bec5e2cf48cfbf4967dcd17dabe8d4d522f771014affefb669c0e501ac43b16e52613ae750b947991acfb40860cc37ef1f6f274028",
      "attackable": false,
      "level": 300,
      "tags": [
        {
          "text": "QP Private",
          "color": [
            88,
            0,
            252
          ]
        }
      ]
    },
    {
      "hash": "96bc3b5e8612a1f599cfda95dd6f770de8118858caed437945d7c8cd626c6df0ed56873911c4a6f28370bf422be97618c2d97f23eee7b4ac1b8e840d5bcbfc36",
      "attackable": false,
      "level": 100,
      "tags": [
        {
          "text": "QP Premium",
          "color": [
            1,
            241,
            253
          ]
        }
      ]
    },
    {
      "hash": "a4688009d691f3f375eea963ceaa7dfd4b09f0894ed43133c4d448aeb04884331b8742c81c694ad41eb6077f855a90aa197e494002bf78ab409120b6e7b2d6c1",
      "attackable": false,
      "level": 300,
      "tags": [
        {
          "text": "QP Private",
          "color": [
            88,
            0,
            252
          ]
        }
      ]
    }
  ],
  "BlacklistedUsers": [],
  "Announcement": {
    "text": "",
    "expiretime": 0,
    "targets": "all"
  },
  "KillVape": false
}